ClipID,Boredom,Engagement,Confusion,Frustration
50004410013.jpg,0,1,0,0
50004410023.jpg,1,1,0,0
50004410033.jpg,1,1,0,0
50004410053.jpg,1,1,0,0
50004410063.jpg,1,1,0,0
50004410073.jpg,1,1,0,0
50004410083.jpg,1,1,0,0
50004410093.jpg,1,1,0,0
50004410103.jpg,1,1,0,0
50004410123.jpg,1,1,0,0
50004410133.jpg,1,1,0,0
50004410143.jpg,1,1,0,0
50004410153.jpg,1,1,0,0
50004410163.jpg,1,1,0,0
50004410173.jpg,1,1,0,0
50004410183.jpg,1,1,0,0
50004410213.jpg,1,1,0,0
50004410223.jpg,1,1,0,0
50004410233.jpg,1,1,0,0
50004410243.jpg,1,1,0,0
50004410273.jpg,1,1,0,0
50004410303.jpg,1,1,0,0
50004410313.jpg,1,1,0,0
50004410323.jpg,1,1,0,0
50004410333.jpg,1,1,0,0
50004410343.jpg,1,1,0,0
50004410353.jpg,1,1,0,0
50004410373.jpg,1,1,0,0
50004410383.jpg,1,1,0,0
50004410393.jpg,1,1,0,0
50004410403.jpg,1,1,0,0
50004410413.jpg,1,1,0,0
50004410423.jpg,1,1,0,0
50004410433.jpg,1,1,0,0
50004410443.jpg,1,1,0,0
50004410453.jpg,1,1,0,0
50004410463.jpg,0,1,0,0
50004410473.jpg,1,1,0,0
50004410483.jpg,1,1,0,0
50004410503.jpg,1,1,0,0
50004410513.jpg,1,1,0,0
50004410523.jpg,1,1,0,0
50004410533.jpg,1,1,0,0
50004410543.jpg,1,1,0,0
50004410553.jpg,1,1,0,0
50004410583.jpg,1,1,0,0
50004410593.jpg,1,1,0,0
50004410613.jpg,1,1,0,0
50004410623.jpg,1,1,0,0
50004410643.jpg,1,1,0,0
50004410653.jpg,1,1,0,0
50004410663.jpg,1,1,0,0
50004410673.jpg,1,1,0,0
50004410683.jpg,1,1,0,0
50004410693.jpg,1,1,0,0
50004410703.jpg,0,1,0,0
50004410713.jpg,1,1,0,0
50004410723.jpg,1,1,0,0
50004420013.jpg,1,1,0,0
50004420023.jpg,1,1,0,0
50004420033.jpg,1,1,0,0
50004420043.jpg,1,1,0,0
50004420053.jpg,1,1,0,0
50004420073.jpg,1,1,0,0
50004420083.jpg,1,1,0,0
50004420093.jpg,1,1,0,0
50004420103.jpg,1,1,0,0
50004420143.jpg,1,1,0,0
50004420153.jpg,1,1,0,0
50004420163.jpg,1,1,0,0
50004420193.jpg,1,1,0,0
50004420213.jpg,1,1,0,0
50004420223.jpg,1,1,0,0
50004420243.jpg,1,1,0,0
50004420253.jpg,1,1,0,0
50004420263.jpg,1,1,0,0
50004420273.jpg,1,1,0,0
50004420283.jpg,1,1,0,0
50004420293.jpg,1,1,0,0
50004420333.jpg,1,1,0,0
50004420343.jpg,1,1,0,0
50004420353.jpg,1,1,0,0
50004420363.jpg,1,1,0,0
50004420373.jpg,1,1,0,0
50004420383.jpg,1,1,0,0
50004420393.jpg,1,1,0,0
50004420403.jpg,1,1,0,0
50004420423.jpg,1,1,0,0
50004420433.jpg,1,1,0,0
50004420453.jpg,1,1,0,0
50004420473.jpg,1,1,0,0
50004420483.jpg,1,1,0,0
50004420503.jpg,1,1,0,0
50004420513.jpg,1,1,0,0
50004420523.jpg,1,1,0,0
50004420533.jpg,0,1,0,0
50004420543.jpg,1,1,0,0
50004420553.jpg,1,1,0,0
50004420563.jpg,0,1,0,0
50004420573.jpg,1,1,0,0
50004420583.jpg,1,1,0,0
50004420593.jpg,1,1,0,0
50004420603.jpg,1,1,0,0
50004420623.jpg,1,1,0,0
50004420633.jpg,1,1,0,0
50004420643.jpg,1,1,0,0
50004420653.jpg,1,1,0,0
50004420663.jpg,1,1,0,0
50004420673.jpg,1,1,0,0
50004420683.jpg,1,1,0,0
50004420693.jpg,1,1,0,0
50004420703.jpg,1,1,0,0
50004420723.jpg,1,1,0,0
50004420733.jpg,1,1,0,0
50004420743.jpg,1,1,0,0
50004420753.jpg,1,1,0,0
50004420763.jpg,1,1,0,0
50004420773.jpg,1,1,0,0
50004420783.jpg,1,1,0,0
50006710013.jpg,1,1,0,0
50006710023.jpg,1,1,0,0
50006710033.jpg,1,1,1,0
50006710043.jpg,1,1,1,1
50006710053.jpg,1,1,1,0
50006710063.jpg,1,1,1,1
50006710083.jpg,1,1,1,1
50006710093.jpg,1,1,1,0
50006710103.jpg,1,1,0,0
50006710113.jpg,1,1,0,0
50006710123.jpg,1,1,0,0
50006710133.jpg,1,1,0,0
50006710143.jpg,0,1,1,0
50006710153.jpg,1,1,1,0
50006710163.jpg,1,1,0,0
50006710173.jpg,1,1,0,0
50006710183.jpg,1,1,1,0
50006710193.jpg,0,1,1,0
50006710203.jpg,1,1,1,0
50006710223.jpg,1,1,0,0
50006710233.jpg,1,1,0,0
50006710243.jpg,1,1,0,0
50006710263.jpg,1,1,1,0
50006710273.jpg,1,1,1,0
50006710283.jpg,1,1,0,1
50006710293.jpg,0,1,0,0
50006710303.jpg,1,1,0,0
50006710313.jpg,1,1,0,0
50006710323.jpg,1,1,0,0
50006710333.jpg,1,1,0,0
50006710343.jpg,1,1,0,0
50006710353.jpg,1,1,0,0
50006710363.jpg,1,1,0,1
50006710373.jpg,1,1,0,0
50006710383.jpg,1,1,0,0
50006710393.jpg,1,1,0,0
50006710403.jpg,0,1,0,0
50006710413.jpg,1,1,1,1
50006710423.jpg,1,1,1,0
50006710433.jpg,1,1,1,0
50006710463.jpg,1,1,1,1
50006710473.jpg,1,1,0,1
50006710483.jpg,1,1,1,1
50006710493.jpg,1,1,1,0
50006710503.jpg,1,1,1,0
50006710513.jpg,1,1,1,0
50006710533.jpg,1,1,0,0
50006710553.jpg,1,1,0,0
50006710563.jpg,1,1,0,0
50006710573.jpg,1,1,0,0
50006710583.jpg,1,1,0,0
50006710593.jpg,1,1,0,0
50006710603.jpg,1,1,1,1
50006710613.jpg,1,1,1,1
50006710623.jpg,1,1,0,0
50006710633.jpg,1,1,0,0
50006710643.jpg,1,1,1,0
50006710653.jpg,1,1,0,0
50006710663.jpg,1,1,0,0
50006710673.jpg,1,1,1,1
50006710693.jpg,1,1,1,0
50006710703.jpg,1,1,1,1
50006710713.jpg,1,1,0,0
50006720023.jpg,1,1,1,0
50006720043.jpg,0,1,0,0
50006720053.jpg,1,1,0,0
50006720063.jpg,1,1,1,0
50006720073.jpg,1,1,0,0
50006720083.jpg,1,1,0,0
50006720103.jpg,1,1,0,0
50006720113.jpg,1,1,0,0
50006720123.jpg,1,1,0,0
50006720133.jpg,1,1,0,0
50006720143.jpg,1,1,0,0
50006720163.jpg,1,1,0,0
50006720173.jpg,1,1,0,0
50006720193.jpg,1,1,0,0
50006720203.jpg,0,1,0,0
50006720213.jpg,1,1,0,0
50006720223.jpg,1,1,0,0
50006720233.jpg,1,1,0,0
50006720243.jpg,1,1,0,0
50006720253.jpg,1,1,0,0
50006720263.jpg,1,1,0,0
50006720273.jpg,1,1,0,0
50006720303.jpg,1,1,0,0
50006720313.jpg,1,1,0,0
50006720333.jpg,1,1,0,0
50006720343.jpg,1,1,0,0
50006720353.jpg,1,1,0,0
50006720363.jpg,1,1,0,0
50006720383.jpg,1,1,0,0
50006720423.jpg,1,1,0,0
50006720433.jpg,1,1,0,0
50006720443.jpg,1,1,0,0
50006720453.jpg,1,1,0,0
50006720463.jpg,1,1,0,0
50006720473.jpg,1,1,0,0
50006720483.jpg,1,1,1,0
50006720493.jpg,1,1,0,0
50006720503.jpg,1,1,0,0
50006720513.jpg,1,1,0,0
50006720523.jpg,1,1,1,1
50006720533.jpg,1,1,0,0
50006720543.jpg,1,1,0,0
50006720553.jpg,1,1,0,0
50006720563.jpg,1,1,1,0
50006720573.jpg,1,1,1,0
50006720583.jpg,1,1,0,0
50006720593.jpg,1,1,0,0
50006720603.jpg,1,1,0,0
50006720623.jpg,1,1,0,0
50006720643.jpg,1,1,0,0
50006720653.jpg,1,1,0,0
50006720663.jpg,1,1,0,0
50006720673.jpg,1,1,0,0
50006720683.jpg,1,1,0,0
50006720703.jpg,1,1,0,0
50006720713.jpg,0,1,1,0
50006720723.jpg,1,1,0,0
50006720743.jpg,1,1,0,0
50006720753.jpg,1,1,0,0
50006720763.jpg,1,1,0,0
50006720773.jpg,1,1,1,0
50006720813.jpg,1,1,0,0
50006720823.jpg,0,1,0,0
50009510013.jpg,1,1,0,0
50009510023.jpg,1,1,1,1
50009510033.jpg,1,1,0,1
50009510043.jpg,1,1,0,0
50009510053.jpg,1,1,0,1
50009510063.jpg,1,1,1,1
50009510073.jpg,1,1,0,0
50009510083.jpg,1,1,1,1
50009510093.jpg,1,1,0,1
50009510103.jpg,1,1,0,0
50009510113.jpg,1,1,0,0
50009510123.jpg,1,1,0,0
50009510133.jpg,1,1,0,0
50009510153.jpg,1,1,0,0
50009510163.jpg,1,1,0,1
50009510173.jpg,1,1,0,0
50009510183.jpg,1,1,0,1
50009510193.jpg,1,1,0,1
50009510213.jpg,1,1,1,1
50009510233.jpg,1,1,0,1
50009510243.jpg,1,1,0,0
50009510253.jpg,1,1,0,0
50009510273.jpg,1,1,1,1
50009510283.jpg,1,1,1,1
50009510333.jpg,1,1,1,1
50009510343.jpg,1,1,1,1
50009510353.jpg,1,1,0,1
50009510373.jpg,1,1,0,0
50009510393.jpg,1,1,0,1
50009510403.jpg,1,1,0,1
50009510423.jpg,1,1,0,0
50009510433.jpg,1,1,1,1
50009510443.jpg,1,1,0,1
50009510453.jpg,1,1,0,1
50009510473.jpg,1,1,1,1
50009510493.jpg,1,1,0,1
50009510513.jpg,1,1,0,1
50009510523.jpg,1,1,1,1
50009510533.jpg,1,1,0,1
50009510543.jpg,1,1,0,1
50009510553.jpg,1,1,0,1
50009510563.jpg,1,1,0,0
50009510573.jpg,1,1,0,1
50009510583.jpg,1,1,1,1
50009510603.jpg,1,1,1,1
50009510613.jpg,1,1,1,1
50009510623.jpg,1,1,1,0
50009510633.jpg,1,1,0,0
50009510653.jpg,1,1,0,1
50009510663.jpg,1,1,0,1
50009510673.jpg,1,1,0,1
50009520023.jpg,1,1,0,1
50009520033.jpg,1,1,0,1
50009520043.jpg,1,1,0,1
50009520053.jpg,1,1,0,1
50009520073.jpg,1,1,0,1
50009520083.jpg,1,1,0,0
50009520113.jpg,1,1,0,0
50009520133.jpg,1,1,1,1
50009520143.jpg,1,1,1,1
50009520153.jpg,1,1,0,1
50009520163.jpg,1,1,1,0
50009520173.jpg,1,1,0,1
50009520183.jpg,1,1,1,1
50009520203.jpg,1,1,1,1
50009520213.jpg,1,1,0,1
50009520223.jpg,1,1,1,1
50009520233.jpg,1,1,1,1
50009520243.jpg,1,1,1,0
50009520253.jpg,1,1,1,0
50009520263.jpg,1,1,0,0
50009520273.jpg,1,1,0,1
50009520283.jpg,1,1,0,0
50009520293.jpg,1,1,1,0
50009520313.jpg,1,1,0,1
50009520323.jpg,1,1,1,1
50009520333.jpg,1,1,0,1
50009520343.jpg,1,1,0,1
50009520353.jpg,1,1,0,1
50009520363.jpg,1,1,0,1
50009520383.jpg,1,1,0,1
50009520403.jpg,1,1,1,1
50009520413.jpg,1,1,1,1
50009520423.jpg,1,1,0,1
50009520443.jpg,1,1,1,0
50009520453.jpg,1,1,1,1
50009520463.jpg,1,1,0,1
50009520483.jpg,1,1,0,1
50009520503.jpg,1,1,1,0
50009520523.jpg,1,1,1,0
50009520533.jpg,1,1,0,1
50009520543.jpg,1,1,1,0
50009520553.jpg,1,1,1,0
50009520603.jpg,1,1,0,1
50009520613.jpg,1,1,0,1
50009520623.jpg,1,1,0,1
50009520633.jpg,1,1,1,1
50009520643.jpg,1,1,0,1
50009520653.jpg,1,1,0,1
50009520663.jpg,1,1,0,1
50009520683.jpg,1,1,1,0
50009520693.jpg,1,1,0,1
50009520703.jpg,1,1,0,1
50009520713.jpg,1,1,0,1
50009520723.jpg,1,1,0,1
50009520733.jpg,1,1,0,1
50009520753.jpg,1,1,0,0
50009520763.jpg,1,1,0,1
50009520773.jpg,1,1,0,0
50009520783.jpg,1,1,0,1
50009520803.jpg,1,1,0,1
50009520833.jpg,1,1,0,0
51000910013.jpg,0,1,0,0
51000910033.jpg,1,1,0,0
51000910043.jpg,1,1,0,0
51000910053.jpg,1,1,0,0
51000910063.jpg,0,1,0,0
51000910073.jpg,0,1,0,0
51000910083.jpg,1,1,0,0
51000910093.jpg,1,1,0,0
51000910103.jpg,0,1,0,0
51000910123.jpg,1,1,0,0
51000910173.jpg,0,1,0,0
51000910193.jpg,0,1,0,0
51000910203.jpg,0,1,0,0
51000910253.jpg,1,1,0,0
51000910263.jpg,1,1,0,0
51000910273.jpg,1,1,0,0
51000910283.jpg,1,1,0,0
51000910323.jpg,0,1,0,0
51000910333.jpg,1,1,0,0
51000910343.jpg,1,1,0,0
51000910353.jpg,1,1,0,1
51000910363.jpg,0,1,0,0
51000910383.jpg,1,1,0,0
51000910393.jpg,1,1,0,0
51000910423.jpg,1,1,0,0
51000910463.jpg,0,1,0,0
51000910493.jpg,1,1,0,0
51000910503.jpg,1,1,0,0
51000910513.jpg,1,1,0,0
51000910533.jpg,1,1,0,0
51000910553.jpg,1,1,0,0
51000910563.jpg,1,1,0,0
51000910573.jpg,1,1,0,0
51000910583.jpg,0,1,0,0
51000910593.jpg,1,1,0,0
51000910623.jpg,0,1,0,0
51000910643.jpg,1,1,0,0
51000910653.jpg,1,1,1,0
51000910663.jpg,1,1,0,0
51000910673.jpg,1,1,0,0
51000910683.jpg,1,1,0,0
51000910693.jpg,0,1,0,0
51000920023.jpg,0,1,0,0
51000920033.jpg,1,1,0,0
51000920053.jpg,1,1,0,0
51000920063.jpg,1,1,0,0
51000920083.jpg,1,1,0,0
51000920103.jpg,1,1,0,0
51000920113.jpg,1,1,0,0
51000920133.jpg,0,1,0,0
51000920173.jpg,1,1,1,0
51000920193.jpg,0,1,0,0
51000920213.jpg,1,1,0,0
51000920223.jpg,0,1,0,0
51000920233.jpg,1,1,0,0
51000920263.jpg,1,1,0,0
51000920273.jpg,1,1,0,0
51000920323.jpg,1,1,0,0
51000920333.jpg,1,1,0,0
51000920343.jpg,0,1,0,0
51000920353.jpg,0,1,0,0
51000920373.jpg,1,1,0,0
51000920383.jpg,1,1,1,1
51000920393.jpg,1,1,0,0
51000920403.jpg,1,1,1,0
51000920413.jpg,1,1,0,0
51000920423.jpg,1,1,0,0
51000920433.jpg,1,1,0,0
51000920443.jpg,1,1,0,0
51000920453.jpg,1,1,0,0
51000920533.jpg,1,1,0,0
51000920563.jpg,1,1,0,0
51000920573.jpg,1,1,0,0
51000920603.jpg,1,1,0,0
51000920613.jpg,0,1,0,0
51000920623.jpg,0,1,0,0
51000920633.jpg,1,1,0,0
51000920643.jpg,1,1,0,0
51000920653.jpg,1,1,0,0
51000920673.jpg,1,1,0,0
51000920683.jpg,1,1,0,0
51000920693.jpg,1,1,0,0
51000920713.jpg,0,1,0,0
51000920723.jpg,0,1,0,0
51003410023.jpg,0,1,0,0
51003410033.jpg,1,1,1,0
51003410043.jpg,1,1,1,0
51003410053.jpg,1,1,0,0
51003410063.jpg,1,1,0,0
51003410083.jpg,1,1,1,0
51003410093.jpg,1,1,1,0
51003410103.jpg,1,1,0,0
51003410123.jpg,1,1,0,1
51003410133.jpg,1,1,0,1
51003410143.jpg,1,1,0,1
51003410153.jpg,1,1,1,0
51003410163.jpg,1,1,1,0
51003410173.jpg,1,1,1,0
51003410193.jpg,0,1,1,0
51003410203.jpg,1,1,0,1
51003410213.jpg,0,1,0,1
51003410223.jpg,1,1,1,0
51003410233.jpg,1,1,1,0
51003410243.jpg,1,1,1,0
51003410253.jpg,1,1,0,0
51003410263.jpg,1,1,1,0
51003410273.jpg,1,1,0,0
51003410283.jpg,1,1,1,0
51003410303.jpg,1,1,1,0
51003410313.jpg,1,1,0,0
51003410323.jpg,0,1,0,1
51003410333.jpg,0,1,0,0
51003410343.jpg,1,1,1,0
51003410353.jpg,1,1,1,0
51003410373.jpg,1,1,0,0
51003410383.jpg,1,1,0,0
51003410393.jpg,1,1,1,0
51003410423.jpg,0,1,0,0
51003410433.jpg,1,1,0,1
51003410463.jpg,1,1,0,1
51003410483.jpg,1,1,1,0
51003410503.jpg,1,1,0,1
51003410523.jpg,0,1,0,1
51003410543.jpg,1,1,1,0
51003410553.jpg,0,1,0,0
51003410563.jpg,1,1,1,0
51003410573.jpg,0,1,0,1
51003410583.jpg,0,1,0,1
51003410613.jpg,1,1,0,0
51003410623.jpg,1,1,0,0
51003410653.jpg,1,1,1,0
51003410673.jpg,0,1,0,1
51003410683.jpg,1,1,0,0
51003410703.jpg,1,1,0,0
51003410713.jpg,1,1,1,0
51003410723.jpg,1,1,1,0
51003410743.jpg,1,1,1,0
51003410753.jpg,0,1,0,1
51003410763.jpg,1,1,0,0
51003410773.jpg,0,1,0,0
51003410783.jpg,0,1,0,0
51003410793.jpg,1,1,0,0
51003420023.jpg,1,1,0,0
51003420033.jpg,1,1,0,0
51003420073.jpg,1,1,1,0
51003420083.jpg,1,1,1,0
51003420093.jpg,1,1,1,0
51003420123.jpg,1,1,0,0
51003420163.jpg,1,1,0,0
51003420173.jpg,1,1,0,0
51003420183.jpg,1,1,0,0
51003420203.jpg,1,1,0,0
51003420223.jpg,1,1,0,0
51003420233.jpg,1,1,0,0
51003420243.jpg,1,1,0,1
51003420253.jpg,1,1,0,1
51003420283.jpg,1,1,1,0
51003420303.jpg,1,1,1,0
51003420313.jpg,1,1,1,0
51003420343.jpg,1,1,1,0
51003420363.jpg,1,1,1,0
51003420423.jpg,0,1,0,0
51003420433.jpg,1,1,0,1
51003420453.jpg,0,1,0,1
51003420483.jpg,0,1,0,1
51003510013.jpg,1,1,0,0
51003510023.jpg,0,1,0,0
51003510043.jpg,1,1,1,0
51003510053.jpg,1,1,0,0
51003510073.jpg,1,1,0,0
51003510093.jpg,1,1,0,0
51003510103.jpg,1,1,0,0
51003510123.jpg,1,1,0,0
51003510133.jpg,1,1,0,0
51003510153.jpg,1,1,0,0
51003510163.jpg,1,1,0,0
51003510193.jpg,1,1,0,0
51003510203.jpg,1,1,0,0
51003510213.jpg,1,1,0,0
51003510223.jpg,1,1,0,0
51003510233.jpg,1,1,0,0
51003510243.jpg,1,1,1,0
51003510253.jpg,1,1,0,0
51003510263.jpg,1,1,0,0
51003510323.jpg,1,1,0,0
51003510343.jpg,0,1,0,0
51003510353.jpg,1,1,1,1
51003510363.jpg,1,1,0,0
51003510383.jpg,1,1,0,0
51003510393.jpg,1,1,0,0
51003510403.jpg,1,1,0,0
51003510423.jpg,1,1,0,0
51003510433.jpg,1,1,0,0
51003510443.jpg,1,1,0,0
51003510453.jpg,1,1,0,0
51003510463.jpg,1,1,0,0
51003510493.jpg,1,1,0,0
51003510513.jpg,1,1,0,0
51003510543.jpg,1,1,0,0
51003510583.jpg,1,1,1,0
51003520013.jpg,1,1,0,0
51003520023.jpg,1,1,0,0
51003520033.jpg,1,1,0,0
51003520043.jpg,1,1,1,0
51003520053.jpg,1,1,0,0
51003520063.jpg,1,1,0,0
51003520073.jpg,1,1,0,0
51003520083.jpg,1,1,0,0
51003520093.jpg,1,1,0,0
51003520113.jpg,1,1,0,0
51003520123.jpg,0,1,0,0
51003520133.jpg,1,1,0,0
51003520143.jpg,1,1,0,0
51003520153.jpg,1,1,0,0
51003520163.jpg,1,1,0,0
51003520173.jpg,1,1,0,0
51003520183.jpg,1,1,0,0
51003520203.jpg,1,1,1,0
51003520213.jpg,1,1,0,0
51003520223.jpg,0,1,0,0
51003520263.jpg,1,1,0,0
51003520273.jpg,1,1,0,0
51003520283.jpg,1,1,0,0
51003520303.jpg,1,1,0,0
51003520313.jpg,1,1,0,0
51003520323.jpg,0,1,0,0
51003520333.jpg,1,1,0,0
51003520343.jpg,1,1,0,0
51003520353.jpg,0,1,0,0
51003520373.jpg,1,1,0,0
51003520383.jpg,1,1,0,0
51003520393.jpg,1,1,0,0
51003520413.jpg,1,1,0,0
51003520423.jpg,0,1,0,0
51003520433.jpg,1,1,0,0
51003520443.jpg,1,1,0,0
51003520453.jpg,1,1,0,0
51003520463.jpg,1,1,0,0
51003520493.jpg,1,1,0,0
51003520503.jpg,1,1,0,0
51003520513.jpg,1,1,0,0
51003520523.jpg,1,1,0,0
51003520543.jpg,1,1,0,0
51003520553.jpg,1,1,0,0
51003520563.jpg,1,1,0,0
51003520573.jpg,1,1,0,0
51003520603.jpg,1,1,0,0
51003520613.jpg,0,1,0,0
51003520633.jpg,1,1,0,0
51003610093.jpg,1,1,1,1
51003610563.jpg,1,1,1,1
51003620283.jpg,1,1,0,1
51003620293.jpg,1,1,1,1
51003620303.jpg,1,1,1,1
51003620523.jpg,1,1,1,1
51003710223.jpg,1,1,1,1
51003710233.jpg,1,1,1,1
51003710243.jpg,0,1,0,0
51003710263.jpg,1,1,0,0
51003710273.jpg,1,1,0,0
51003710423.jpg,0,1,0,0
51003710553.jpg,1,1,1,0
51003710563.jpg,1,1,1,0
51003710673.jpg,1,1,0,0
51003710793.jpg,1,1,0,0
51003720013.jpg,1,1,0,1
51003720023.jpg,1,1,0,0
51003720033.jpg,1,1,0,0
51003720053.jpg,1,1,0,1
51003720063.jpg,1,1,1,1
51003720073.jpg,1,1,0,0
51003720093.jpg,1,1,0,1
51003720113.jpg,0,1,0,0
51003720153.jpg,1,1,0,1
51003720163.jpg,1,1,0,1
51003720173.jpg,1,1,0,1
51003720183.jpg,1,1,0,0
51003720193.jpg,1,1,0,0
51003720203.jpg,1,1,0,0
51003720213.jpg,1,1,0,0
51003720223.jpg,1,1,0,0
51003720233.jpg,0,1,0,0
51003720263.jpg,1,1,0,1
51003720273.jpg,1,1,0,1
51003720283.jpg,1,1,0,0
51003720693.jpg,1,1,0,0
51003810023.jpg,0,1,0,0
51003810033.jpg,1,1,0,0
51003810043.jpg,1,1,0,0
51003810053.jpg,1,1,0,0
51003810063.jpg,0,1,0,0
51003810073.jpg,1,1,0,0
51003810083.jpg,1,1,0,0
51003810093.jpg,1,1,0,0
51003810103.jpg,0,1,0,0
51003810113.jpg,1,1,0,0
51003810123.jpg,1,1,0,0
51003810153.jpg,1,1,0,0
51003810163.jpg,1,1,0,0
51003810173.jpg,1,1,0,0
51003810183.jpg,1,1,0,0
51003810193.jpg,1,1,0,0
51003810203.jpg,1,1,0,0
51003810213.jpg,1,1,0,0
51003810223.jpg,1,1,0,0
51003810233.jpg,0,1,0,0
51003810243.jpg,0,1,0,0
51003810263.jpg,0,1,0,0
51003810273.jpg,1,1,0,0
51003810283.jpg,1,1,0,0
51003810293.jpg,0,1,0,0
51003810313.jpg,1,1,0,0
51003810323.jpg,1,1,0,0
51003810343.jpg,1,1,0,0
51003810353.jpg,1,1,0,0
51003810373.jpg,1,1,0,0
51003810383.jpg,1,1,0,0
51003810393.jpg,1,1,0,0
51003810403.jpg,1,1,0,0
51003810413.jpg,1,1,0,0
51003810423.jpg,0,1,0,0
51003810433.jpg,0,1,0,0
51003810443.jpg,1,1,0,0
51003810453.jpg,0,1,0,0
51003810463.jpg,0,1,0,0
51003810473.jpg,1,1,0,0
51003810483.jpg,1,1,0,0
51003810493.jpg,1,1,0,0
51003810503.jpg,1,1,0,0
51003810513.jpg,0,1,0,0
51003810523.jpg,1,1,0,0
51003810533.jpg,1,1,0,0
51003810543.jpg,1,1,0,0
51003810553.jpg,1,1,0,0
51003810563.jpg,0,1,0,0
51003810583.jpg,1,1,0,0
51003810593.jpg,1,1,0,0
51003810603.jpg,0,1,0,0
51003810613.jpg,1,1,0,0
51003810633.jpg,1,1,0,0
51003810653.jpg,0,1,0,0
51003810663.jpg,1,1,0,0
51003810673.jpg,1,1,0,0
51003810693.jpg,1,1,0,0
51003820013.jpg,1,1,0,0
51003820033.jpg,0,1,0,0
51003820073.jpg,0,1,0,0
51003820083.jpg,1,1,0,0
51003820103.jpg,1,1,0,0
51003820113.jpg,0,1,0,0
51003820123.jpg,1,1,0,0
51003820133.jpg,0,1,0,0
51003820143.jpg,0,1,0,0
51003820153.jpg,1,1,0,0
51003820163.jpg,1,1,0,0
51003820183.jpg,1,1,0,0
51003820193.jpg,1,1,0,0
51003820203.jpg,1,1,0,0
51003820213.jpg,1,1,0,0
51003820223.jpg,1,1,0,0
51003820233.jpg,0,1,0,0
51003820253.jpg,0,1,0,0
51003820263.jpg,0,1,0,0
51003820273.jpg,1,1,0,0
51003820283.jpg,1,1,0,0
51003820293.jpg,1,1,0,0
51003820303.jpg,0,1,0,0
51003820313.jpg,0,1,0,0
51003820323.jpg,1,1,0,0
51003820333.jpg,1,1,0,0
51003820343.jpg,0,1,0,0
51003820353.jpg,0,1,0,0
51003820363.jpg,0,1,0,0
51003820373.jpg,1,1,0,0
51003820383.jpg,0,1,0,0
51003820393.jpg,0,1,0,0
51003820403.jpg,0,1,0,0
51003820423.jpg,0,1,0,0
51003820453.jpg,1,1,0,0
51003820463.jpg,1,1,0,0
51003820483.jpg,1,1,0,0
51003820503.jpg,1,1,0,0
51003820513.jpg,1,1,0,0
51003820523.jpg,1,1,0,0
51003820533.jpg,0,1,0,0
51003820543.jpg,1,1,0,0
51003820553.jpg,1,1,0,0
51003820563.jpg,1,1,0,0
51003820573.jpg,1,1,0,0
51003820583.jpg,0,1,0,0
51003820593.jpg,0,1,0,0
51003820603.jpg,0,1,0,0
51003820613.jpg,1,1,0,0
51003820623.jpg,0,1,0,0
51003820633.jpg,1,1,0,0
51003820643.jpg,1,1,0,0
51003820653.jpg,1,1,0,0
51003820663.jpg,1,1,0,0
51003820673.jpg,1,1,0,0
51003820683.jpg,0,1,0,0
51003820693.jpg,0,1,0,0
51003820703.jpg,1,1,0,0
51003820713.jpg,1,1,0,0
51003820723.jpg,0,1,0,0
51003820733.jpg,0,1,0,0
51003820753.jpg,1,1,0,0
51003820763.jpg,1,1,0,0
51003820773.jpg,1,1,0,0
51003820783.jpg,1,1,0,0
51003820793.jpg,0,1,0,0
51004010013.jpg,0,1,0,0
51004010033.jpg,1,1,0,0
51004010053.jpg,1,1,0,0
51004010063.jpg,1,1,0,0
51004010073.jpg,1,1,0,0
51004010083.jpg,1,1,0,0
51004010103.jpg,1,1,0,0
51004010113.jpg,1,1,0,0
51004010123.jpg,1,1,0,0
51004010143.jpg,1,1,0,0
51004010153.jpg,1,1,0,0
51004010163.jpg,1,1,1,0
51004010183.jpg,1,1,0,0
51004010213.jpg,1,1,0,0
51004010223.jpg,1,1,0,0
51004010233.jpg,1,1,0,0
51004010253.jpg,1,1,0,0
51004010263.jpg,0,1,0,0
51004010283.jpg,1,1,0,0
51004010293.jpg,1,1,0,0
51004010303.jpg,1,1,0,0
51004010313.jpg,1,1,0,0
51004010323.jpg,1,1,0,0
51004010333.jpg,1,1,0,0
51004010343.jpg,1,1,0,0
51004010353.jpg,0,1,0,0
51004010363.jpg,1,1,1,1
51004010383.jpg,1,1,0,0
51004010393.jpg,1,1,0,0
51004010403.jpg,1,1,0,0
51004010423.jpg,1,1,0,0
51004010433.jpg,0,1,0,0
51004010443.jpg,1,1,1,0
51004010453.jpg,1,1,0,0
51004010463.jpg,1,1,0,0
51004010473.jpg,1,1,0,0
51004010483.jpg,1,1,0,0
51004010493.jpg,1,1,0,0
51004010503.jpg,1,1,0,0
51004010513.jpg,1,1,0,0
51004010533.jpg,1,1,0,0
51004010543.jpg,1,1,0,0
51004010553.jpg,0,1,0,0
51004010563.jpg,1,1,0,0
51004010573.jpg,1,1,0,0
51004010593.jpg,1,1,0,0
51004010603.jpg,1,1,0,0
51004010613.jpg,1,1,0,0
51004010623.jpg,0,1,0,0
51004010633.jpg,1,1,0,0
51004010643.jpg,1,1,0,0
51004010653.jpg,1,1,0,0
51004010663.jpg,1,1,0,0
51004010673.jpg,1,1,0,0
51004010693.jpg,1,1,0,0
51004010703.jpg,1,1,0,0
51004010713.jpg,1,1,0,0
51004010723.jpg,1,1,0,0
51004010733.jpg,1,1,0,0
51004010743.jpg,1,1,0,0
51004010753.jpg,1,1,0,0
51004010763.jpg,1,1,0,0
51004010773.jpg,1,1,0,0
51004010783.jpg,1,1,0,0
51004020013.jpg,1,1,1,0
51004020023.jpg,1,1,1,0
51004020043.jpg,1,1,1,0
51004020053.jpg,0,1,1,0
51004020073.jpg,0,1,0,0
51004020083.jpg,0,1,1,0
51004020093.jpg,0,1,1,0
51004020113.jpg,1,1,0,0
51004020123.jpg,1,1,0,0
51004020153.jpg,0,1,0,0
51004020163.jpg,1,1,1,0
51004020173.jpg,0,1,0,0
51004020193.jpg,0,1,0,0
51004020203.jpg,0,1,0,0
51004020233.jpg,0,1,0,0
51004020243.jpg,0,1,0,0
51004020283.jpg,1,1,0,0
51004020293.jpg,1,1,0,0
51004020313.jpg,1,1,0,0
51004020323.jpg,1,1,0,0
51004020333.jpg,1,1,0,0
51004020343.jpg,1,1,0,0
51004020353.jpg,0,1,0,0
51004020363.jpg,0,1,0,0
51004020373.jpg,1,1,0,0
51004020383.jpg,0,1,0,0
51004020393.jpg,0,1,0,0
51004020403.jpg,0,1,0,0
51004020463.jpg,0,1,0,0
51004020473.jpg,0,1,0,0
51004020483.jpg,0,1,0,0
51004020493.jpg,0,1,0,0
51004020503.jpg,1,1,0,0
51004020513.jpg,1,1,0,0
51004020523.jpg,1,1,1,0
51004020533.jpg,1,1,0,0
51004020543.jpg,0,1,0,0
51004020553.jpg,0,1,0,0
51004020573.jpg,0,1,0,0
51004020583.jpg,0,1,0,0
51004020593.jpg,0,1,0,0
51004020623.jpg,0,1,0,0
51004020633.jpg,0,1,0,0
51004020653.jpg,1,1,0,0
51004020663.jpg,1,1,0,0
51004020673.jpg,1,1,0,1
51004020683.jpg,1,1,0,1
51004020693.jpg,1,1,0,0
51004210013.jpg,1,1,0,0
51004210023.jpg,1,1,0,0
51004210033.jpg,1,1,0,0
51004210053.jpg,1,1,0,0
51004210073.jpg,1,1,0,0
51004210093.jpg,1,1,0,0
51004210113.jpg,1,1,0,0
51004210123.jpg,1,1,0,0
51004210133.jpg,1,1,0,0
51004210153.jpg,1,1,0,1
51004210163.jpg,1,1,0,0
51004210173.jpg,1,1,0,1
51004210183.jpg,1,1,0,1
51004210193.jpg,1,1,0,0
51004210203.jpg,1,1,0,1
51004210213.jpg,1,1,0,0
51004210243.jpg,1,1,0,0
51004210253.jpg,1,1,0,0
51004210263.jpg,1,1,0,0
51004210273.jpg,1,1,0,0
51004210293.jpg,1,1,0,1
51004210323.jpg,1,1,0,0
51004210333.jpg,1,1,0,1
51004210343.jpg,1,1,0,1
51004210383.jpg,1,1,0,1
51004210393.jpg,1,1,1,1
51004210403.jpg,0,1,1,1
51004210413.jpg,0,1,1,1
51004210433.jpg,0,1,0,0
51004210453.jpg,0,1,1,0
51004210473.jpg,0,1,0,0
51004210483.jpg,0,1,0,0
51004210493.jpg,0,1,1,0
51004210503.jpg,0,1,1,0
51004210513.jpg,0,1,1,0
51004210523.jpg,1,1,0,1
51004210533.jpg,1,1,0,1
51004210543.jpg,1,1,0,0
51004210563.jpg,1,1,0,0
51004210573.jpg,1,1,0,0
51004210583.jpg,1,1,0,0
51004210593.jpg,1,1,0,1
51004210603.jpg,1,1,0,0
51004210613.jpg,1,1,0,0
51004210623.jpg,1,1,0,0
51004210633.jpg,1,1,0,0
51004210643.jpg,1,1,0,0
51004210653.jpg,1,1,0,1
51004210673.jpg,1,1,0,0
51004210683.jpg,1,1,0,0
51004210693.jpg,1,1,0,0
51004210703.jpg,1,1,0,0
51004210713.jpg,1,1,0,0
51004210723.jpg,1,1,0,0
51004210733.jpg,1,1,0,0
51004210743.jpg,1,1,0,0
51004210763.jpg,0,1,0,0
51004210783.jpg,0,1,0,0
51004210793.jpg,0,1,0,0
51004210803.jpg,0,1,0,0
51004210813.jpg,1,1,0,0
51004220023.jpg,1,1,1,1
51004220033.jpg,1,1,1,0
51004220043.jpg,1,1,1,0
51004220053.jpg,0,1,1,0
51004220063.jpg,0,1,0,0
51004220073.jpg,0,1,0,0
51004220083.jpg,1,1,0,0
51004220093.jpg,1,1,0,0
51004220113.jpg,1,1,0,0
51004220123.jpg,1,1,0,0
51004220133.jpg,0,1,0,0
51004220143.jpg,0,1,0,0
51004220163.jpg,0,1,0,0
51004220173.jpg,0,1,0,0
51004220183.jpg,0,1,0,0
51004220193.jpg,0,1,0,0
51004220223.jpg,1,1,0,0
51004220233.jpg,1,1,0,0
51004220243.jpg,1,1,1,0
51004220253.jpg,1,1,1,1
51004220263.jpg,1,1,0,1
51004220273.jpg,1,1,1,1
51004220283.jpg,0,1,0,0
51004220293.jpg,1,1,1,1
51004220303.jpg,1,1,1,1
51004220333.jpg,1,1,1,1
51004220343.jpg,1,1,0,1
51004220353.jpg,1,1,1,1
51004220363.jpg,1,1,1,1
51004220373.jpg,1,1,1,1
51004220383.jpg,1,1,1,1
51004220393.jpg,1,1,0,0
51004220413.jpg,1,1,0,0
51004220423.jpg,1,1,0,0
51004220443.jpg,1,1,0,0
51004220453.jpg,0,1,0,0
51004220463.jpg,1,1,0,0
51004220473.jpg,1,1,0,0
51004220493.jpg,1,1,0,0
51004220503.jpg,1,1,1,0
51004220513.jpg,0,1,1,0
51004220523.jpg,1,1,0,0
51004220553.jpg,1,1,0,0
51004220563.jpg,1,1,0,0
51004220573.jpg,0,1,1,0
51004220583.jpg,1,1,1,0
51004220593.jpg,0,1,1,0
51004220603.jpg,1,1,0,0
51004220613.jpg,0,1,0,0
51004220623.jpg,0,1,0,0
51004220633.jpg,1,1,1,0
51004220653.jpg,0,1,0,0
51004220663.jpg,0,1,0,0
51004220673.jpg,0,1,0,0
51004220683.jpg,0,1,0,0
51004220693.jpg,1,1,1,0
51004220713.jpg,1,1,0,0
51004220723.jpg,0,1,0,0
51004220733.jpg,0,1,0,0
51004220743.jpg,0,1,0,0
51004220753.jpg,0,1,0,0
51004220773.jpg,1,1,0,0
51004220783.jpg,1,1,1,0
51004220793.jpg,1,1,1,0
51004220803.jpg,1,1,0,0
51004220813.jpg,1,1,0,0
51004220843.jpg,0,1,0,0
51004220853.jpg,1,1,0,0
51004510013.jpg,1,1,0,0
51004510033.jpg,1,1,0,0
51004510043.jpg,1,1,0,0
51004510063.jpg,1,1,0,0
51004510073.jpg,1,1,0,0
51004510123.jpg,1,1,0,0
51004510133.jpg,1,1,0,0
51004510153.jpg,1,1,0,0
51004510163.jpg,1,1,0,0
51004510173.jpg,1,1,0,0
51004510183.jpg,1,1,0,0
51004510193.jpg,1,1,0,0
51004510203.jpg,1,1,0,0
51004510243.jpg,1,1,0,0
51004510263.jpg,1,1,0,0
51004510273.jpg,1,1,0,0
51004510333.jpg,1,1,0,0
51004510343.jpg,1,1,0,0
51004510353.jpg,1,1,0,0
51004510363.jpg,1,1,0,0
51004510383.jpg,1,1,0,0
51004510413.jpg,1,1,0,0
51004510433.jpg,1,1,0,0
51004510443.jpg,1,1,0,0
51004510453.jpg,1,1,0,0
51004510493.jpg,1,1,0,0
51004510503.jpg,1,1,0,0
51004510513.jpg,1,1,0,0
51004510523.jpg,1,1,0,0
51004510553.jpg,0,1,0,0
51004510563.jpg,1,1,0,0
51004510593.jpg,1,1,0,0
51004510603.jpg,1,1,0,0
51004510613.jpg,1,1,0,0
51004510643.jpg,1,1,0,0
51004510653.jpg,1,1,0,0
51004510663.jpg,0,1,0,0
51004510673.jpg,1,1,0,0
51004510703.jpg,1,1,0,0
51004510713.jpg,1,1,0,0
51004520023.jpg,0,1,0,0
51004520043.jpg,1,1,0,0
51004520053.jpg,1,1,1,0
51004520063.jpg,1,1,0,0
51004520073.jpg,1,1,1,0
51004520083.jpg,1,1,0,0
51004520093.jpg,1,1,0,0
51004520103.jpg,1,1,0,0
51004520113.jpg,0,1,0,0
51004520123.jpg,1,1,0,0
51004520133.jpg,1,1,0,0
51004520143.jpg,0,1,0,0
51004520163.jpg,1,1,0,0
51004520173.jpg,1,1,0,0
51004520183.jpg,1,1,0,0
51004520213.jpg,1,1,0,0
51004520233.jpg,1,1,0,0
51004520253.jpg,1,1,0,0
51004520273.jpg,1,1,1,1
51004520283.jpg,1,1,1,0
51004520303.jpg,1,1,0,0
51004520313.jpg,1,1,0,0
51004520323.jpg,1,1,0,0
51004520333.jpg,1,1,0,0
51004520343.jpg,0,1,0,0
51004520353.jpg,1,1,0,0
51004520363.jpg,1,1,1,0
51004520373.jpg,1,1,0,0
51004520383.jpg,1,1,0,0
51004520393.jpg,1,1,0,0
51004520403.jpg,1,1,0,0
51004520473.jpg,1,1,1,0
51004520493.jpg,1,1,0,1
51004520503.jpg,1,1,1,1
51004520533.jpg,1,1,1,1
51004520543.jpg,1,1,0,0
51004520553.jpg,1,1,1,0
51004520593.jpg,1,1,1,1
51004520603.jpg,1,1,1,1
51004520613.jpg,1,1,0,0
51004520653.jpg,1,1,0,0
51004520663.jpg,1,1,1,0
51004520673.jpg,1,1,1,0
51004520763.jpg,1,1,0,0
51004520783.jpg,0,1,0,0
51004520793.jpg,1,1,1,1
51004520803.jpg,1,1,0,0
51004520813.jpg,0,1,0,0
51004610043.jpg,0,1,0,0
51004610053.jpg,0,1,0,0
51004610063.jpg,1,1,0,0
51004610073.jpg,0,1,0,0
51004610083.jpg,1,1,0,0
51004610093.jpg,0,1,0,0
51004610103.jpg,0,1,0,0
51004610113.jpg,0,1,0,0
51004610143.jpg,1,1,1,0
51004610153.jpg,0,1,0,0
51004610163.jpg,0,1,0,0
51004610173.jpg,0,1,0,0
51004610183.jpg,0,1,0,0
51004610203.jpg,0,1,0,0
51004610213.jpg,0,1,0,0
51004610223.jpg,0,1,0,0
51004610233.jpg,1,1,0,0
51004610253.jpg,1,1,1,0
51004610293.jpg,1,1,0,0
51004610303.jpg,1,1,0,0
51004610313.jpg,1,1,0,0
51004610323.jpg,1,1,1,0
51004610333.jpg,1,1,1,0
51004610343.jpg,1,1,1,0
51004610353.jpg,1,1,1,0
51004610363.jpg,1,1,1,0
51004610373.jpg,1,1,0,0
51004610383.jpg,1,1,1,0
51004610393.jpg,1,1,1,0
51004610403.jpg,1,1,0,0
51004610423.jpg,1,1,0,0
51004610433.jpg,1,1,0,0
51004610443.jpg,1,1,0,0
51004610463.jpg,1,1,1,1
51004610473.jpg,1,1,1,1
51004610483.jpg,1,1,1,1
51004610493.jpg,1,1,1,0
51004610503.jpg,1,1,0,0
51004610513.jpg,1,1,0,0
51004610523.jpg,1,1,1,0
51004610533.jpg,1,1,1,0
51004610543.jpg,1,1,1,1
51004610553.jpg,0,1,1,0
51004610563.jpg,1,1,1,0
51004610573.jpg,1,1,1,1
51004610583.jpg,1,1,1,1
51004610613.jpg,0,1,1,0
51004610623.jpg,1,1,1,0
51004610633.jpg,1,1,0,0
51004610643.jpg,1,1,1,1
51004610653.jpg,1,1,1,1
51004610663.jpg,1,1,0,0
51004610673.jpg,1,1,1,1
51004610683.jpg,1,1,1,0
51004610693.jpg,1,1,0,1
51004620013.jpg,0,1,0,0
51004620023.jpg,1,1,0,1
51004620033.jpg,0,1,0,0
51004620053.jpg,0,1,0,0
51004620093.jpg,1,1,0,0
51004620103.jpg,1,1,1,1
51004620113.jpg,1,1,1,0
51004620123.jpg,1,1,1,1
51004620143.jpg,1,1,1,1
51004620153.jpg,1,1,1,1
51004620163.jpg,1,1,1,1
51004620173.jpg,1,1,1,1
51004620183.jpg,1,1,1,1
51004620193.jpg,1,1,1,1
51004620213.jpg,1,1,1,1
51004620223.jpg,1,1,1,1
51004620233.jpg,1,1,1,1
51004620243.jpg,1,1,1,1
51004620253.jpg,1,1,1,1
51004620263.jpg,1,1,1,1
51004620273.jpg,1,1,1,1
51004620283.jpg,1,1,1,1
51004620293.jpg,1,1,1,1
51004620313.jpg,1,1,1,1
51004620323.jpg,1,1,1,0
51004620333.jpg,1,1,1,1
51004620353.jpg,1,1,1,1
51004620373.jpg,1,1,1,1
51004620383.jpg,1,1,1,1
51004620393.jpg,1,1,1,1
51004620403.jpg,1,1,1,1
51004620413.jpg,1,1,1,1
51004620423.jpg,1,1,1,1
51004620433.jpg,1,1,1,1
51004620443.jpg,1,1,1,1
51004620453.jpg,1,1,1,1
51004620463.jpg,1,1,1,1
51004620473.jpg,1,1,1,1
51004620483.jpg,1,1,1,1
51004620503.jpg,1,1,1,1
51004620513.jpg,1,1,1,1
51004620523.jpg,1,1,1,1
51004620533.jpg,1,1,0,1
51004620543.jpg,1,1,1,1
51004620553.jpg,1,1,1,1
51004620573.jpg,1,1,1,1
51004620583.jpg,1,1,1,1
51004620593.jpg,1,1,1,1
51004620613.jpg,1,1,0,1
51004620623.jpg,1,1,1,0
51004620633.jpg,1,1,1,0
51004620643.jpg,1,1,1,1
51004620663.jpg,1,1,1,0
51004620673.jpg,1,1,1,0
51004620683.jpg,1,1,1,0
51004620693.jpg,1,1,1,1
51004620703.jpg,0,1,0,0
51004620713.jpg,0,1,0,0
51004620723.jpg,1,1,0,0
51004620743.jpg,1,1,0,0
51004620753.jpg,0,1,0,1
51004620773.jpg,1,1,1,0
51004620783.jpg,1,1,1,0
51004620793.jpg,1,1,1,1
51004620803.jpg,1,1,0,0
51004620813.jpg,0,1,0,0
51004620823.jpg,0,1,0,0
51004710013.jpg,0,1,1,0
51004710023.jpg,1,1,0,0
51004710033.jpg,1,1,1,0
51004710113.jpg,1,1,0,0
51004710123.jpg,0,1,0,0
51004710133.jpg,0,1,0,0
51004710153.jpg,1,1,1,0
51004710163.jpg,1,1,1,0
51004710183.jpg,1,1,0,0
51004710193.jpg,0,1,0,0
51004710203.jpg,1,1,0,0
51004710213.jpg,1,1,0,0
51004710233.jpg,1,1,0,0
51004710263.jpg,1,1,0,0
51004710273.jpg,1,1,0,0
51004710283.jpg,0,1,1,0
51004710293.jpg,0,1,0,0
51004710303.jpg,1,1,1,1
51004710313.jpg,0,1,1,0
51004710343.jpg,1,1,0,1
51004710373.jpg,0,1,0,0
51004710383.jpg,1,1,1,1
51004710393.jpg,1,1,0,1
51004710413.jpg,1,1,0,0
51004710423.jpg,1,1,0,0
51004710443.jpg,1,1,1,0
51004710453.jpg,1,1,0,0
51004710473.jpg,1,1,0,0
51004710493.jpg,0,1,0,0
51004710503.jpg,0,1,1,0
51004710513.jpg,1,1,0,0
51004710523.jpg,1,1,0,0
51004710543.jpg,0,1,0,0
51004710563.jpg,0,1,0,0
51004710573.jpg,1,1,1,0
51004710583.jpg,0,1,0,0
51004710593.jpg,1,1,0,0
51004710603.jpg,1,1,1,0
51004710623.jpg,1,1,1,0
51004710633.jpg,1,1,0,0
51004710653.jpg,1,1,1,0
51004710683.jpg,0,1,0,0
51004710693.jpg,0,1,1,0
51004710703.jpg,1,1,0,0
51004710723.jpg,1,1,0,0
51004710743.jpg,0,1,0,0
51004710753.jpg,1,1,0,0
51004710803.jpg,1,1,1,1
51004710813.jpg,1,1,0,1
51004720013.jpg,1,1,1,1
51004720023.jpg,1,1,0,0
51004720033.jpg,1,1,1,0
51004720043.jpg,1,1,0,0
51004720053.jpg,1,1,0,0
51004720073.jpg,1,1,0,0
51004720093.jpg,1,1,1,1
51004720103.jpg,1,1,0,0
51004720113.jpg,1,1,0,0
51004720123.jpg,1,1,0,0
51004720143.jpg,1,1,1,0
51004720193.jpg,1,1,0,0
51004720203.jpg,1,1,0,0
51004720213.jpg,1,1,0,0
51004720273.jpg,1,1,0,1
51004720303.jpg,1,1,0,0
51004720313.jpg,1,1,0,1
51004720323.jpg,1,1,0,1
51004720353.jpg,1,1,0,0
51004720393.jpg,0,1,0,0
51004720403.jpg,0,1,0,0
51004720413.jpg,0,1,0,0
51004720423.jpg,1,1,0,0
51004720443.jpg,0,1,1,0
51004720453.jpg,0,1,0,0
51004720473.jpg,1,1,0,1
51004720503.jpg,1,1,0,0
51004720523.jpg,1,1,1,0
51004720533.jpg,1,1,0,0
51004720543.jpg,1,1,1,1
51004720583.jpg,1,1,1,1
51004720603.jpg,1,1,0,0
51004720633.jpg,1,1,0,0
51004720643.jpg,0,1,0,0
8264120103.jpg,1,1,0,0
82641201103.jpg,0,1,0,0
82641201113.jpg,1,1,0,0
82641201123.jpg,0,1,0,0
82641201133.jpg,0,1,0,0
82641201163.jpg,0,1,1,0
82641201173.jpg,0,1,1,0
82641201193.jpg,1,1,0,0
82641201203.jpg,1,1,1,1
82641201213.jpg,1,1,0,0
82641201223.jpg,1,1,1,1
82641201233.jpg,1,1,0,0
82641201243.jpg,1,1,1,0
82641201253.jpg,1,1,1,1
82641201263.jpg,1,1,1,0
82641201273.jpg,1,1,0,0
8264120133.jpg,1,1,0,0
82641201313.jpg,1,1,1,0
82641201323.jpg,1,1,1,0
82641201363.jpg,1,1,0,0
82641201393.jpg,0,1,0,0
82641201413.jpg,1,1,1,1
82641201443.jpg,0,1,0,0
82641201453.jpg,1,1,0,0
82641201463.jpg,1,1,0,1
82641201493.jpg,1,1,0,0
82641201503.jpg,1,1,0,0
82641201563.jpg,1,1,0,0
82641201573.jpg,1,1,1,0
82641201593.jpg,1,1,1,1
82641201653.jpg,1,1,1,0
82641201663.jpg,1,1,1,1
82641201693.jpg,1,1,1,1
8264120173.jpg,1,1,0,0
8264120183.jpg,1,1,0,0
8264120193.jpg,0,1,0,0
82641202103.jpg,1,1,0,0
82641202113.jpg,1,1,1,1
82641202133.jpg,1,1,1,1
82641202153.jpg,1,1,1,1
82641202163.jpg,0,1,1,1
82641202183.jpg,1,1,0,0
82641202193.jpg,1,1,0,0
82641202203.jpg,1,1,1,1
82641202213.jpg,1,1,1,1
82641202233.jpg,1,1,1,0
82641202243.jpg,1,1,1,1
82641202273.jpg,0,1,1,0
82641202283.jpg,1,1,1,0
82641202293.jpg,0,1,0,0
8264120233.jpg,1,1,1,1
82641202313.jpg,1,1,1,0
82641202323.jpg,1,1,1,0
82641202333.jpg,1,1,1,0
82641202343.jpg,1,1,1,0
82641202393.jpg,1,1,1,0
8264120243.jpg,0,1,1,1
82641202403.jpg,1,1,1,0
82641202413.jpg,1,1,0,0
82641202423.jpg,1,1,0,0
82641202433.jpg,1,1,0,0
82641202453.jpg,1,1,0,0
82641202473.jpg,1,1,0,0
82641202483.jpg,1,1,1,0
82641202493.jpg,1,1,0,0
8264120253.jpg,0,1,0,0
82641202543.jpg,1,1,1,0
82641202563.jpg,1,1,0,0
82641202573.jpg,1,1,1,0
82641202583.jpg,1,1,0,0
82641202613.jpg,1,1,0,0
82641202623.jpg,1,1,1,0
82641202633.jpg,1,1,0,0
82641202653.jpg,1,1,1,0
82641202663.jpg,1,1,0,0
82641202683.jpg,1,1,1,1
82641202693.jpg,0,1,1,1
8264120273.jpg,1,1,1,1
82641202743.jpg,1,1,1,1
82641202753.jpg,1,1,1,1
82641202793.jpg,1,1,0,0
82641202803.jpg,1,1,0,0
82641202823.jpg,1,1,0,0
82641202843.jpg,1,1,0,0
882654011003.jpg,1,1,0,0
882654011303.jpg,1,1,1,0
882654011403.jpg,0,1,0,0
882654011503.jpg,0,1,0,0
882654011603.jpg,1,1,0,0
882654011703.jpg,1,1,1,1
882654011903.jpg,0,1,0,0
88265401203.jpg,1,1,0,0
882654012003.jpg,1,1,1,0
882654012403.jpg,1,1,1,0
882654012603.jpg,1,1,1,0
882654012703.jpg,1,1,1,0
882654012803.jpg,1,1,1,0
882654013003.jpg,1,1,1,0
882654013203.jpg,1,1,1,1
882654013503.jpg,1,1,1,1
882654013603.jpg,1,1,1,1
882654013803.jpg,1,1,1,0
882654013903.jpg,1,1,1,1
882654014003.jpg,1,1,1,1
882654014103.jpg,1,1,1,1
882654014203.jpg,1,1,1,1
882654014303.jpg,1,1,1,0
882654014503.jpg,1,1,1,1
882654014703.jpg,0,1,1,0
882654014803.jpg,0,1,0,0
882654014903.jpg,0,1,1,0
88265401503.jpg,1,1,0,0
882654015203.jpg,1,1,0,0
882654015503.jpg,1,1,1,0
882654016303.jpg,1,1,1,1
882654016403.jpg,1,1,1,1
882654016603.jpg,0,1,1,0
882654016903.jpg,1,1,1,1
88265401703.jpg,1,1,0,0
882654017303.jpg,1,1,1,0
882654017403.jpg,1,1,1,1
882654017503.jpg,1,1,1,0
88265401803.jpg,1,1,0,0
882654021203.jpg,0,1,1,0
882654021503.jpg,1,1,0,0
882654021603.jpg,1,1,1,1
882654021703.jpg,1,1,1,1
882654021803.jpg,1,1,1,1
882654021903.jpg,1,1,1,1
882654022003.jpg,1,1,1,1
882654022303.jpg,1,1,1,1
882654022403.jpg,1,1,1,1
882654022703.jpg,1,1,1,1
88265402303.jpg,1,1,1,1
882654023003.jpg,1,1,1,1
882654023103.jpg,1,1,1,1
882654023203.jpg,1,1,1,1
882654023303.jpg,1,1,1,1
882654023403.jpg,1,1,1,1
882654023503.jpg,1,1,1,1
882654023703.jpg,1,1,1,1
882654023803.jpg,1,1,1,0
88265402403.jpg,1,1,0,0
882654024003.jpg,1,1,1,0
882654024203.jpg,1,1,0,0
882654024403.jpg,1,1,1,1
882654024503.jpg,1,1,1,1
882654024803.jpg,1,1,1,1
882654024903.jpg,1,1,1,1
882654025003.jpg,1,1,1,1
882654025203.jpg,1,1,1,1
882654025403.jpg,1,1,1,1
882654025703.jpg,1,1,1,1
882654025803.jpg,1,1,1,1
882654025903.jpg,1,1,1,1
88265402603.jpg,1,1,1,1
882654026003.jpg,1,1,1,1
882654026303.jpg,1,1,1,1
882654026603.jpg,1,1,1,1
882654026903.jpg,1,1,1,1
88265402703.jpg,1,1,1,1
882654027003.jpg,1,1,1,1
882654027703.jpg,1,1,1,0
882654027803.jpg,1,1,1,1
882654027903.jpg,1,1,1,1
88265402803.jpg,1,1,1,1
882654028003.jpg,1,1,1,1
882654028103.jpg,0,1,1,0
882654028203.jpg,1,1,1,0
882654028403.jpg,1,1,1,1
882654028503.jpg,1,1,1,1
882654028803.jpg,1,1,1,1
882654028903.jpg,1,1,1,1
88265402903.jpg,1,1,1,1
882654029003.jpg,1,1,1,0
9070011003.jpg,1,1,0,0
90700110103.jpg,1,1,1,0
90700110203.jpg,1,1,0,0
90700110603.jpg,1,1,0,0
90700110903.jpg,1,1,1,0
9070011103.jpg,1,1,1,0
90700111103.jpg,1,1,1,0
9070011203.jpg,1,1,1,0
9070011503.jpg,1,1,0,0
9070011603.jpg,0,1,0,0
9070011703.jpg,1,1,1,1
9070011803.jpg,0,1,0,0
9070012103.jpg,1,1,1,0
9070012203.jpg,1,1,1,0
9070012403.jpg,0,1,0,0
9070012703.jpg,1,1,0,0
9070012803.jpg,1,1,0,0
9070013103.jpg,1,1,0,0
9070013403.jpg,0,1,1,1
9070013503.jpg,1,1,0,0
9070013603.jpg,1,1,0,0
9070013703.jpg,1,1,0,0
9070014003.jpg,1,1,0,0
9070014303.jpg,1,1,0,0
9070014503.jpg,0,1,1,0
9070014803.jpg,1,1,1,0
9070014903.jpg,1,1,0,0
907001503.jpg,1,1,1,0
9070015003.jpg,1,1,1,0
9070015203.jpg,1,1,0,0
9070015503.jpg,0,1,0,0
9070015603.jpg,1,1,0,0
9070015703.jpg,1,1,0,0
9070015803.jpg,1,1,0,0
907001603.jpg,1,1,1,0
9070016003.jpg,0,1,0,0
9070016203.jpg,1,1,0,1
9070016503.jpg,1,1,0,0
9070016703.jpg,0,1,0,0
9070016803.jpg,1,1,0,0
907001703.jpg,1,1,1,1
9070017303.jpg,0,1,0,0
9070017403.jpg,1,1,0,0
9070017803.jpg,1,1,1,0
9070017903.jpg,1,1,1,1
907001803.jpg,0,1,0,0
9070018203.jpg,1,1,1,0
9070018403.jpg,1,1,0,0
9070018503.jpg,1,1,1,1
9070018603.jpg,1,1,0,0
907001903.jpg,0,1,0,0
9070019103.jpg,1,1,1,0
9070019403.jpg,1,1,0,0
9070019503.jpg,1,1,1,1
9070019703.jpg,1,1,0,0
92890101113.jpg,1,1,0,0
92890101123.jpg,1,1,0,0
92890101133.jpg,1,1,0,0
92890101143.jpg,1,1,0,0
92890101153.jpg,1,1,0,1
92890101173.jpg,1,1,0,1
92890101183.jpg,1,1,0,0
92890101193.jpg,1,1,0,1
92890101203.jpg,1,1,0,0
92890101213.jpg,1,1,0,0
92890101273.jpg,1,1,0,0
9289010133.jpg,1,1,0,0
92890101313.jpg,1,1,0,0
92890101323.jpg,1,1,0,0
92890101333.jpg,1,1,0,0
92890101343.jpg,1,1,0,0
92890101383.jpg,1,1,0,0
92890101393.jpg,1,1,0,0
9289010143.jpg,1,1,0,0
92890101433.jpg,1,1,0,0
92890101443.jpg,1,1,0,0
92890101453.jpg,1,1,0,0
92890101473.jpg,1,1,0,0
92890101493.jpg,1,1,0,0
92890101503.jpg,1,1,1,1
92890101513.jpg,1,1,0,1
92890101523.jpg,1,1,0,0
92890101533.jpg,1,1,0,0
92890101543.jpg,1,1,0,0
92890101553.jpg,1,1,0,0
92890101573.jpg,1,1,0,0
92890101583.jpg,1,1,0,0
9289010163.jpg,1,1,0,0
92890101603.jpg,1,1,0,0
92890101613.jpg,1,1,0,0
92890101633.jpg,1,1,0,0
92890101663.jpg,1,1,0,0
92890101673.jpg,1,1,0,0
9289010183.jpg,1,1,0,0
92890102103.jpg,0,1,0,0
92890102113.jpg,0,1,0,0
92890102163.jpg,0,1,0,0
92890102213.jpg,0,1,0,0
92890102223.jpg,0,1,0,0
92890102233.jpg,1,1,0,0
92890102273.jpg,1,1,0,0
92890102293.jpg,0,1,0,0
9289010233.jpg,1,1,0,0
92890102303.jpg,1,1,0,0
92890102313.jpg,1,1,0,0
92890102323.jpg,0,1,0,0
92890102333.jpg,0,1,0,0
92890102353.jpg,0,1,0,0
92890102423.jpg,1,1,0,0
92890102433.jpg,0,1,0,0
92890102443.jpg,1,1,0,0
92890102453.jpg,1,1,0,0
92890102483.jpg,1,1,0,0
92890102493.jpg,1,1,0,0
9289010253.jpg,1,1,0,0
92890102503.jpg,1,1,0,0
92890102513.jpg,0,1,0,0
92890102533.jpg,1,1,0,0
92890102543.jpg,0,1,0,0
92890102573.jpg,1,1,0,0
92890102593.jpg,0,1,0,0
9289010263.jpg,0,1,0,0
92890102613.jpg,1,1,0,0
92890102623.jpg,1,1,0,0
92890102633.jpg,1,1,0,0
92890102653.jpg,0,1,0,0
92890102663.jpg,0,1,0,0
92890102673.jpg,1,1,0,0
92890102683.jpg,0,1,0,0
92890102693.jpg,1,1,0,0
92890102703.jpg,1,1,0,0
92890102713.jpg,1,1,0,0
92890102733.jpg,0,1,0,0
92890102743.jpg,1,1,0,0
92890102753.jpg,1,1,0,0
92890102763.jpg,1,1,0,0
92890102783.jpg,0,1,0,0
9289010283.jpg,1,1,0,0
9289010293.jpg,1,1,0,0
9403280113.jpg,0,1,0,0
94032801103.jpg,0,1,0,0
94032801123.jpg,0,1,0,0
94032801143.jpg,1,1,0,0
94032801153.jpg,0,1,0,0
94032801163.jpg,0,1,0,0
94032801173.jpg,0,1,0,0
9403280123.jpg,0,1,0,0
94032801263.jpg,0,1,0,0
94032801293.jpg,0,1,0,0
94032801323.jpg,1,1,0,0
94032801343.jpg,0,1,0,0
94032801363.jpg,1,1,0,0
94032801383.jpg,0,1,0,0
9403280143.jpg,1,1,0,0
94032801403.jpg,0,1,0,0
94032801433.jpg,1,1,0,0
94032801453.jpg,1,1,0,1
94032801463.jpg,0,1,0,0
94032801473.jpg,0,1,0,0
94032801493.jpg,0,1,0,0
94032801503.jpg,1,1,0,0
94032801513.jpg,0,1,0,0
94032801523.jpg,1,1,0,0
94032801553.jpg,1,1,0,0
94032801563.jpg,0,1,0,0
94032801573.jpg,0,1,0,0
94032801593.jpg,1,1,0,0
9403280163.jpg,1,1,0,0
94032801643.jpg,1,1,1,0
94032801653.jpg,0,1,0,0
94032801673.jpg,1,1,0,0
9403280173.jpg,0,1,0,0
9403280183.jpg,0,1,0,0
94032802123.jpg,0,1,0,0
94032802133.jpg,1,1,0,0
94032802173.jpg,0,1,0,0
94032802183.jpg,0,1,0,0
94032802193.jpg,0,1,0,0
9403280223.jpg,0,1,0,0
94032802273.jpg,0,1,0,0
94032802293.jpg,0,1,0,0
94032802343.jpg,0,1,0,0
94032802353.jpg,0,1,0,0
94032802363.jpg,0,1,0,0
94032802383.jpg,0,1,0,0
94032802413.jpg,0,1,0,0
94032802433.jpg,0,1,0,0
94032802453.jpg,0,1,0,0
94032802463.jpg,0,1,0,0
94032802473.jpg,0,1,0,0
94032802493.jpg,0,1,0,0
94032802503.jpg,0,1,0,0
94032802513.jpg,0,1,0,0
94032802543.jpg,0,1,0,0
94032802553.jpg,0,1,0,0
94032802563.jpg,0,1,0,0
94032802593.jpg,0,1,1,0
94032802603.jpg,0,1,0,0
94032802623.jpg,0,1,0,0
94032802653.jpg,0,1,0,0
94032802663.jpg,0,1,0,0
94032802713.jpg,0,1,0,0
94032802723.jpg,0,1,0,0
94032802733.jpg,1,1,0,0
94032802773.jpg,0,1,0,0
94032802793.jpg,0,1,0,0
98773601113.jpg,1,1,1,1
98773601133.jpg,1,1,1,0
98773601143.jpg,0,1,1,1
98773601153.jpg,1,1,1,0
98773601163.jpg,1,1,1,0
98773601173.jpg,1,1,1,0
98773601203.jpg,0,1,0,0
98773601213.jpg,1,1,0,0
98773601243.jpg,1,1,0,0
98773601253.jpg,1,1,0,0
98773601263.jpg,1,1,0,0
98773601273.jpg,1,1,0,0
98773601283.jpg,1,1,0,0
98773601303.jpg,1,1,0,0
98773601313.jpg,1,1,0,0
98773601323.jpg,1,1,0,0
98773601333.jpg,0,1,0,0
98773601343.jpg,1,1,0,0
98773601353.jpg,1,1,0,0
98773601383.jpg,1,1,0,0
9877360143.jpg,1,1,0,0
98773601403.jpg,1,1,0,0
98773601413.jpg,1,1,0,0
98773601433.jpg,1,1,0,0
98773601473.jpg,1,1,1,0
98773601493.jpg,1,1,0,0
9877360153.jpg,0,1,1,0
98773601513.jpg,1,1,0,0
98773601523.jpg,1,1,0,0
98773601543.jpg,0,1,0,0
98773601563.jpg,1,1,0,0
98773601573.jpg,1,1,0,0
98773601583.jpg,1,1,0,0
98773601593.jpg,1,1,0,0
9877360163.jpg,1,1,1,1
98773601633.jpg,1,1,0,0
98773601643.jpg,1,1,0,0
98773601653.jpg,1,1,0,0
98773601663.jpg,1,1,0,0
98773601683.jpg,1,1,0,0
98773601693.jpg,1,1,0,0
9877360173.jpg,1,1,0,0
98773601703.jpg,1,1,0,0
98773601723.jpg,0,1,0,0
98773601733.jpg,1,1,0,0
98773601743.jpg,0,1,0,0
98773601753.jpg,0,1,0,0
98773601773.jpg,1,1,0,0
9877360183.jpg,1,1,0,0
98773601803.jpg,1,1,0,0
98773601813.jpg,0,1,1,0
98773601823.jpg,1,1,0,0
98773601833.jpg,1,1,1,0
98773601843.jpg,1,1,0,0
98773601853.jpg,0,1,0,0
98773602103.jpg,1,1,0,0
98773602123.jpg,1,1,0,0
98773602133.jpg,1,1,0,0
98773602153.jpg,1,1,0,0
98773602173.jpg,1,1,0,0
9877360223.jpg,1,1,0,0
98773602213.jpg,1,1,0,0
98773602233.jpg,1,1,0,0
98773602253.jpg,1,1,0,0
98773602263.jpg,1,1,0,0
98773602273.jpg,1,1,0,0
98773602283.jpg,1,1,0,0
98773602293.jpg,1,1,0,0
98773602313.jpg,1,1,0,0
98773602323.jpg,1,1,0,0
98773602343.jpg,1,1,0,0
98773602383.jpg,1,1,1,0
98773602393.jpg,1,1,0,0
9877360243.jpg,1,1,0,0
98773602403.jpg,1,1,0,0
98773602413.jpg,1,1,0,0
98773602423.jpg,1,1,0,0
98773602473.jpg,0,1,0,0
98773602483.jpg,1,1,0,0
9877360253.jpg,1,1,0,0
98773602503.jpg,1,1,0,0
98773602523.jpg,1,1,0,0
98773602533.jpg,0,1,0,0
98773602543.jpg,0,1,0,0
98773602563.jpg,0,1,0,0
98773602583.jpg,0,1,0,0
98773602593.jpg,1,1,0,0
98773602613.jpg,1,1,0,0
98773602623.jpg,1,1,0,0
98773602643.jpg,1,1,0,0
9877360273.jpg,1,1,0,0
98773602703.jpg,1,1,0,0
98773602713.jpg,1,1,0,0
98773602733.jpg,1,1,0,0
98773602793.jpg,0,1,0,0
9877360283.jpg,1,1,0,0
98773602813.jpg,1,1,0,0
9877360293.jpg,1,1,0,0
9988260113.jpg,1,1,0,0
99882601123.jpg,0,1,0,0
99882601153.jpg,0,1,0,0
99882601193.jpg,1,1,0,0
